Estação de origem,Estação de Destino,contagem_viagens
102 Sul,102 Sul,96
102 Sul,Banco Central,8
102 Sul,Brasil 21,40
102 Sul,Brasília Shopping,2
102 Sul,CLN 204,5
102 Sul,CLN 403,11
102 Sul,CLN 406,1
102 Sul,CNMP - Conselho Nacional do Ministério Público,19
102 Sul,Catedral Metropolitana,12
102 Sul,Centro Olímpico,1
102 Sul,Centro de Convenções,4
102 Sul,Deck Sul,2
102 Sul,EQN 104/105,4
102 Sul,EQN 408/409,1
102 Sul,EQN 410/411,6
102 Sul,EQS 104/304,36
102 Sul,EQS 202 / 203,20
102 Sul,EQS 204/205,53
102 Sul,Galeria,38
102 Sul,ICC Sul,2
102 Sul,INMETRO,3
102 Sul,Instituto de Artes,1
102 Sul,Liberty Mall,2
102 Sul,Memorial JK,3
102 Sul,Ministério da Cultura,3
102 Sul,Ministério da Saude,10
102 Sul,Ministério dos Transportes,1
102 Sul,PAT,1
102 Sul,Praça Buriti,1
102 Sul,Praça do Povo,9
102 Sul,Rodoviária,24
102 Sul,Rodoviária 2,14
102 Sul,Rodoviária 3,12
102 Sul,SAS,1
102 Sul,SQN 205,4
102 Sul,SQS 305,54
102 Sul,SRTVS,31
102 Sul,STF,8
102 Sul,Setor Hoteleiro Norte,6
102 Sul,Shopping Mall,134
102 Sul,Shopping Pátio Brasil,5
102 Sul,TSE,17
102 Sul,Torre de TV,3
102 Sul,W2/EQN305/306,2
Banco Central,102 Sul,21
Banco Central,Banco Central,35
Banco Central,Brasil 21,3
Banco Central,Brasília Shopping,5
Banco Central,CLN 204,2
Banco Central,CLN 403,11
Banco Central,CLN 406,6
Banco Central,CNMP - Conselho Nacional do Ministério Público,39
Banco Central,Catedral Metropolitana,4
Banco Central,Centro Olímpico,3
Banco Central,Centro de Convenções,1
Banco Central,EQN 104/105,16
Banco Central,EQN 408/409,9
Banco Central,EQN 410/411,23
Banco Central,EQS 104/304,10
Banco Central,EQS 202 / 203,35
Banco Central,EQS 204/205,55
Banco Central,Galeria,18
Banco Central,ICC Sul,8
Banco Central,INMETRO,2
Banco Central,Instituto de Artes,4
Banco Central,Liberty Mall,7
Banco Central,Memorial JK,3
Banco Central,Ministério da Cultura,19
Banco Central,Ministério da Defesa,12
Banco Central,Ministério da Saude,21
Banco Central,Ministério do Planejamento,14
Banco Central,Praça Buriti,1
Banco Central,Praça do Povo,8
Banco Central,Rodoviária,14
Banco Central,Rodoviária 2,16
Banco Central,Rodoviária 3,6
Banco Central,SAS,2
Banco Central,SQN 205,6
Banco Central,SQS 305,12
Banco Central,SRTVS,20
Banco Central,STF,14
Banco Central,Setor Hoteleiro Norte,20
Banco Central,Shopping Mall,7
Banco Central,Shopping Pátio Brasil,24
Banco Central,TSE,44
Banco Central,W2/EQN305/306,4
Biblioteca Central,102 Sul,1
Biblioteca Central,Biblioteca Central,72
Biblioteca Central,CLN 204,14
Biblioteca Central,CLN 403,14
Biblioteca Central,CLN 406,49
Biblioteca Central,Catedral Metropolitana,3
Biblioteca Central,Centro Olímpico,80
Biblioteca Central,EQN 104/105,2
Biblioteca Central,EQN 408/409,44
Biblioteca Central,EQN 410/411,38
Biblioteca Central,EQS 204/205,1
Biblioteca Central,Galeria,2
Biblioteca Central,ICC Sul,69
Biblioteca Central,INMETRO,4
Biblioteca Central,Instituto de Artes,69
Biblioteca Central,Liberty Mall,1
Biblioteca Central,Ministério da Cultura,2
Biblioteca Central,PAT,43
Biblioteca Central,Rodoviária,9
Biblioteca Central,Rodoviária 2,5
Biblioteca Central,Rodoviária 3,1
Biblioteca Central,SQN 205,12
Biblioteca Central,SQS 305,1
Biblioteca Central,W2/EQN305/306,6
Brasil 21,102 Sul,19
Brasil 21,Banco Central,2
Brasil 21,Biblioteca Central,1
Brasil 21,Brasil 21,1296
Brasil 21,Brasília Shopping,12
Brasil 21,CLN 204,5
Brasil 21,CLN 403,10
Brasil 21,CLN 406,7
Brasil 21,Catedral Metropolitana,14
Brasil 21,Centro de Convenções,33
Brasil 21,EQN 104/105,10
Brasil 21,EQN 408/409,17
Brasil 21,EQN 410/411,8
Brasil 21,EQS 104/304,18
Brasil 21,EQS 202 / 203,10
Brasil 21,EQS 204/205,10
Brasil 21,Galeria,49
Brasil 21,ICC Sul,3
Brasil 21,INMETRO,5
Brasil 21,Instituto de Artes,9
Brasil 21,Liberty Mall,3
Brasil 21,Memorial JK,46
Brasil 21,Ministério da Cultura,4
Brasil 21,Ministério da Defesa,2
Brasil 21,Ministério da Saude,2
Brasil 21,Ministério do Planejamento,8
Brasil 21,Ministério dos Transportes,1
Brasil 21,PAT,2
Brasil 21,Praça Buriti,9
Brasil 21,Praça do Povo,16
Brasil 21,Rodoviária,49
Brasil 21,Rodoviária 2,46
Brasil 21,Rodoviária 3,115
Brasil 21,SAS,2
Brasil 21,SQN 205,4
Brasil 21,SQS 305,40
Brasil 21,SRTVS,121
Brasil 21,STF,12
Brasil 21,Setor Hoteleiro Norte,24
Brasil 21,Shopping Mall,11
Brasil 21,Shopping Pátio Brasil,55
Brasil 21,TSE,5
Brasil 21,Torre de TV,60
Brasil 21,W2/EQN305/306,15
Brasília Shopping,102 Sul,4
Brasília Shopping,Banco Central,6
Brasília Shopping,Biblioteca Central,3
Brasília Shopping,Brasil 21,16
Brasília Shopping,Brasília Shopping,64
Brasília Shopping,CLN 204,15
Brasília Shopping,CLN 403,22
Brasília Shopping,CLN 406,11
Brasília Shopping,CNMP - Conselho Nacional do Ministério Público,2
Brasília Shopping,Catedral Metropolitana,13
Brasília Shopping,Centro Olímpico,4
Brasília Shopping,Centro de Convenções,6
Brasília Shopping,EQN 104/105,29
Brasília Shopping,EQN 408/409,5
Brasília Shopping,EQN 410/411,13
Brasília Shopping,EQS 104/304,2
Brasília Shopping,EQS 202 / 203,7
Brasília Shopping,EQS 204/205,15
Brasília Shopping,Galeria,20
Brasília Shopping,ICC Sul,7
Brasília Shopping,INMETRO,16
Brasília Shopping,Instituto de Artes,10
Brasília Shopping,Liberty Mall,35
Brasília Shopping,Memorial JK,4
Brasília Shopping,Ministério da Cultura,15
Brasília Shopping,Ministério da Saude,6
Brasília Shopping,Ministério do Planejamento,6
Brasília Shopping,Ministério dos Transportes,7
Brasília Shopping,PAT,8
Brasília Shopping,Praça Buriti,9
Brasília Shopping,Praça do Povo,17
Brasília Shopping,Rodoviária,62
Brasília Shopping,Rodoviária 2,36
Brasília Shopping,Rodoviária 3,106
Brasília Shopping,SQN 205,16
Brasília Shopping,SQS 305,13
Brasília Shopping,SRTVS,8
Brasília Shopping,STF,10
Brasília Shopping,Setor Hoteleiro Norte,10
Brasília Shopping,Shopping Mall,4
Brasília Shopping,Shopping Pátio Brasil,30
Brasília Shopping,TSE,8
Brasília Shopping,Torre de TV,7
Brasília Shopping,W2/EQN305/306,55
CLN 204,102 Sul,2
CLN 204,Banco Central,1
CLN 204,Biblioteca Central,9
CLN 204,Brasil 21,5
CLN 204,Brasília Shopping,5
CLN 204,CLN 204,147
CLN 204,CLN 403,66
CLN 204,CLN 406,86
CLN 204,Catedral Metropolitana,19
CLN 204,Centro Olímpico,12
CLN 204,Centro de Convenções,2
CLN 204,EQN 104/105,9
CLN 204,EQN 408/409,40
CLN 204,EQN 410/411,56
CLN 204,EQS 202 / 203,2
CLN 204,EQS 204/205,4
CLN 204,Galeria,2
CLN 204,ICC Sul,54
CLN 204,INMETRO,25
CLN 204,Instituto de Artes,54
CLN 204,Liberty Mall,3
CLN 204,Memorial JK,1
CLN 204,Ministério da Cultura,2
CLN 204,Ministério da Defesa,13
CLN 204,Ministério do Planejamento,9
CLN 204,Ministério dos Transportes,2
CLN 204,PAT,25
CLN 204,Praça Buriti,1
CLN 204,Praça do Povo,1
CLN 204,Rodoviária,52
CLN 204,Rodoviária 2,34
CLN 204,Rodoviária 3,6
CLN 204,SQN 205,92
CLN 204,SQS 305,3
CLN 204,STF,1
CLN 204,Setor Hoteleiro Norte,1
CLN 204,Shopping Mall,3
CLN 204,Shopping Pátio Brasil,2
CLN 204,Torre de TV,5
CLN 204,W2/EQN305/306,23
CLN 403,102 Sul,1
CLN 403,Banco Central,3
CLN 403,Biblioteca Central,21
CLN 403,Brasil 21,4
CLN 403,Brasília Shopping,9
CLN 403,CLN 204,41
CLN 403,CLN 403,116
CLN 403,CLN 406,138
CLN 403,CNMP - Conselho Nacional do Ministério Público,1
CLN 403,Catedral Metropolitana,20
CLN 403,Centro Olímpico,22
CLN 403,Deck Sul,1
CLN 403,EQN 104/105,20
CLN 403,EQN 408/409,69
CLN 403,EQN 410/411,61
CLN 403,EQS 104/304,2
CLN 403,EQS 202 / 203,6
CLN 403,EQS 204/205,11
CLN 403,Galeria,5
CLN 403,ICC Sul,71
CLN 403,INMETRO,8
CLN 403,Instituto de Artes,89
CLN 403,Liberty Mall,15
CLN 403,Memorial JK,1
CLN 403,Ministério da Cultura,9
CLN 403,Ministério da Defesa,14
CLN 403,Ministério da Saude,35
CLN 403,Ministério do Planejamento,6
CLN 403,Ministério dos Transportes,20
CLN 403,PAT,24
CLN 403,Praça Buriti,1
CLN 403,Praça do Povo,1
CLN 403,Rodoviária,57
CLN 403,Rodoviária 2,34
CLN 403,Rodoviária 3,8
CLN 403,SAS,1
CLN 403,SQN 205,24
CLN 403,SQS 305,4
CLN 403,SRTVS,1
CLN 403,STF,11
CLN 403,Shopping Mall,5
CLN 403,Shopping Pátio Brasil,13
CLN 403,TSE,1
CLN 403,Torre de TV,4
CLN 403,W2/EQN305/306,14
CLN 406,102 Sul,1
CLN 406,Banco Central,3
CLN 406,Biblioteca Central,83
CLN 406,Brasil 21,2
CLN 406,Brasília Shopping,7
CLN 406,CLN 204,47
CLN 406,CLN 403,138
CLN 406,CLN 406,150
CLN 406,CNMP - Conselho Nacional do Ministério Público,4
CLN 406,Catedral Metropolitana,9
CLN 406,Centro Olímpico,146
CLN 406,Centro de Convenções,2
CLN 406,EQN 104/105,16
CLN 406,EQN 408/409,269
CLN 406,EQN 410/411,264
CLN 406,EQS 204/205,10
CLN 406,Galeria,2
CLN 406,ICC Sul,194
CLN 406,INMETRO,18
CLN 406,Instituto de Artes,320
CLN 406,Liberty Mall,4
CLN 406,Memorial JK,3
CLN 406,Ministério da Cultura,5
CLN 406,Ministério da Defesa,9
CLN 406,Ministério da Saude,4
CLN 406,Ministério do Planejamento,15
CLN 406,Ministério dos Transportes,10
CLN 406,PAT,177
CLN 406,Praça do Povo,1
CLN 406,Rodoviária,37
CLN 406,Rodoviária 2,16
CLN 406,Rodoviária 3,11
CLN 406,SAS,3
CLN 406,SQN 205,49
CLN 406,SQS 305,4
CLN 406,SRTVS,7
CLN 406,Setor Hoteleiro Norte,2
CLN 406,Shopping Mall,2
CLN 406,Shopping Pátio Brasil,4
CLN 406,TSE,1
CLN 406,Torre de TV,4
CLN 406,W2/EQN305/306,38
CNMP - Conselho Nacional do Ministério Público,102 Sul,14
CNMP - Conselho Nacional do Ministério Público,Banco Central,9
CNMP - Conselho Nacional do Ministério Público,Brasília Shopping,1
CNMP - Conselho Nacional do Ministério Público,CLN 204,1
CNMP - Conselho Nacional do Ministério Público,CLN 406,2
CNMP - Conselho Nacional do Ministério Público,CNMP - Conselho Nacional do Ministério Público,15
CNMP - Conselho Nacional do Ministério Público,Catedral Metropolitana,41
CNMP - Conselho Nacional do Ministério Público,EQN 408/409,2
CNMP - Conselho Nacional do Ministério Público,EQS 104/304,2
CNMP - Conselho Nacional do Ministério Público,EQS 202 / 203,28
CNMP - Conselho Nacional do Ministério Público,EQS 204/205,3
CNMP - Conselho Nacional do Ministério Público,Galeria,4
CNMP - Conselho Nacional do Ministério Público,ICC Sul,4
CNMP - Conselho Nacional do Ministério Público,Instituto de Artes,4
CNMP - Conselho Nacional do Ministério Público,Liberty Mall,1
CNMP - Conselho Nacional do Ministério Público,Memorial JK,1
CNMP - Conselho Nacional do Ministério Público,Ministério da Cultura,15
CNMP - Conselho Nacional do Ministério Público,Ministério da Saude,19
CNMP - Conselho Nacional do Ministério Público,Ministério do Planejamento,9
CNMP - Conselho Nacional do Ministério Público,Ministério dos Transportes,1
CNMP - Conselho Nacional do Ministério Público,PAT,4
CNMP - Conselho Nacional do Ministério Público,Rodoviária,72
CNMP - Conselho Nacional do Ministério Público,Rodoviária 2,134
CNMP - Conselho Nacional do Ministério Público,Rodoviária 3,18
CNMP - Conselho Nacional do Ministério Público,SAS,1
CNMP - Conselho Nacional do Ministério Público,SQS 305,4
CNMP - Conselho Nacional do Ministério Público,STF,2
CNMP - Conselho Nacional do Ministério Público,Setor Hoteleiro Norte,2
CNMP - Conselho Nacional do Ministério Público,Shopping Mall,1
CNMP - Conselho Nacional do Ministério Público,Shopping Pátio Brasil,2
CNMP - Conselho Nacional do Ministério Público,Torre de TV,1
Catedral Metropolitana,102 Sul,5
Catedral Metropolitana,Banco Central,14
Catedral Metropolitana,Biblioteca Central,7
Catedral Metropolitana,Brasil 21,12
Catedral Metropolitana,Brasília Shopping,9
Catedral Metropolitana,CLN 204,20
Catedral Metropolitana,CLN 403,27
Catedral Metropolitana,CLN 406,13
Catedral Metropolitana,CNMP - Conselho Nacional do Ministério Público,18
Catedral Metropolitana,Catedral Metropolitana,140
Catedral Metropolitana,Centro Olímpico,1
Catedral Metropolitana,Deck Sul,1
Catedral Metropolitana,EQN 104/105,2
Catedral Metropolitana,EQN 408/409,8
Catedral Metropolitana,EQN 410/411,13
Catedral Metropolitana,EQS 104/304,1
Catedral Metropolitana,EQS 202 / 203,8
Catedral Metropolitana,EQS 204/205,12
Catedral Metropolitana,Galeria,13
Catedral Metropolitana,ICC Sul,5
Catedral Metropolitana,INMETRO,5
Catedral Metropolitana,Instituto de Artes,13
Catedral Metropolitana,Liberty Mall,4
Catedral Metropolitana,Memorial JK,2
Catedral Metropolitana,Ministério da Cultura,17
Catedral Metropolitana,Ministério da Defesa,14
Catedral Metropolitana,Ministério da Saude,78
Catedral Metropolitana,Ministério do Planejamento,6
Catedral Metropolitana,Ministério dos Transportes,15
Catedral Metropolitana,PAT,10
Catedral Metropolitana,Praça do Povo,2
Catedral Metropolitana,Rodoviária,91
Catedral Metropolitana,Rodoviária 2,144
Catedral Metropolitana,Rodoviária 3,38
Catedral Metropolitana,SAS,11
Catedral Metropolitana,SQN 205,7
Catedral Metropolitana,SQS 305,2
Catedral Metropolitana,SRTVS,4
Catedral Metropolitana,STF,103
Catedral Metropolitana,Setor Hoteleiro Norte,6
Catedral Metropolitana,Shopping Mall,1
Catedral Metropolitana,Shopping Pátio Brasil,11
Catedral Metropolitana,TSE,6
Catedral Metropolitana,Torre de TV,3
Catedral Metropolitana,W2/EQN305/306,12
Centro Olímpico,Biblioteca Central,129
Centro Olímpico,Brasília Shopping,1
Centro Olímpico,CLN 204,4
Centro Olímpico,CLN 403,19
Centro Olímpico,CLN 406,93
Centro Olímpico,Centro Olímpico,192
Centro Olímpico,EQN 104/105,1
Centro Olímpico,EQN 408/409,62
Centro Olímpico,EQN 410/411,45
Centro Olímpico,EQS 104/304,2
Centro Olímpico,Galeria,2
Centro Olímpico,ICC Sul,587
Centro Olímpico,INMETRO,1
Centro Olímpico,Instituto de Artes,458
Centro Olímpico,Memorial JK,1
Centro Olímpico,Ministério da Saude,1
Centro Olímpico,Ministério dos Transportes,3
Centro Olímpico,PAT,105
Centro Olímpico,Rodoviária,43
Centro Olímpico,Rodoviária 2,2
Centro Olímpico,Rodoviária 3,4
Centro Olímpico,SAS,1
Centro Olímpico,SQN 205,8
Centro Olímpico,SQS 305,1
Centro Olímpico,SRTVS,1
Centro Olímpico,STF,4
Centro Olímpico,Torre de TV,2
Centro Olímpico,W2/EQN305/306,6
Centro de Convenções,102 Sul,4
Centro de Convenções,Banco Central,1
Centro de Convenções,Biblioteca Central,1
Centro de Convenções,Brasil 21,67
Centro de Convenções,Brasília Shopping,18
Centro de Convenções,CLN 204,1
Centro de Convenções,CLN 403,1
Centro de Convenções,CLN 406,2
Centro de Convenções,CNMP - Conselho Nacional do Ministério Público,1
Centro de Convenções,Catedral Metropolitana,6
Centro de Convenções,Centro de Convenções,100
Centro de Convenções,EQN 104/105,5
Centro de Convenções,EQN 408/409,5
Centro de Convenções,EQN 410/411,10
Centro de Convenções,EQS 104/304,6
Centro de Convenções,EQS 202 / 203,3
Centro de Convenções,EQS 204/205,2
Centro de Convenções,Galeria,11
Centro de Convenções,INMETRO,3
Centro de Convenções,Instituto de Artes,4
Centro de Convenções,Liberty Mall,5
Centro de Convenções,Memorial JK,27
Centro de Convenções,Ministério da Cultura,6
Centro de Convenções,Ministério da Saude,6
Centro de Convenções,Ministério do Planejamento,3
Centro de Convenções,Ministério dos Transportes,1
Centro de Convenções,PAT,5
Centro de Convenções,Praça Buriti,6
Centro de Convenções,Praça do Povo,2
Centro de Convenções,Rodoviária,33
Centro de Convenções,Rodoviária 2,42
Centro de Convenções,Rodoviária 3,158
Centro de Convenções,SAS,5
Centro de Convenções,SQN 205,1
Centro de Convenções,SQS 305,8
Centro de Convenções,SRTVS,9
Centro de Convenções,STF,4
Centro de Convenções,Setor Hoteleiro Norte,34
Centro de Convenções,Shopping Mall,8
Centro de Convenções,Shopping Pátio Brasil,9
Centro de Convenções,TSE,1
Centro de Convenções,Torre de TV,39
Centro de Convenções,W2/EQN305/306,8
Deck Sul,102 Sul,1
Deck Sul,Catedral Metropolitana,5
Deck Sul,Deck Sul,475
Deck Sul,EQS 202 / 203,2
Deck Sul,Rodoviária,1
Deck Sul,Rodoviária 3,5
Deck Sul,SQN 205,1
Deck Sul,STF,1
Deck Sul Kids,Deck Sul Kids,202
EQN 104/105,102 Sul,5
EQN 104/105,Banco Central,4
EQN 104/105,Biblioteca Central,11
EQN 104/105,Brasil 21,9
EQN 104/105,Brasília Shopping,19
EQN 104/105,CLN 204,47
EQN 104/105,CLN 403,32
EQN 104/105,CLN 406,62
EQN 104/105,CNMP - Conselho Nacional do Ministério Público,1
EQN 104/105,Catedral Metropolitana,3
EQN 104/105,Centro Olímpico,7
EQN 104/105,Centro de Convenções,4
EQN 104/105,EQN 104/105,123
EQN 104/105,EQN 408/409,37
EQN 104/105,EQN 410/411,34
EQN 104/105,EQS 204/205,5
EQN 104/105,Galeria,5
EQN 104/105,ICC Sul,37
EQN 104/105,INMETRO,71
EQN 104/105,Instituto de Artes,67
EQN 104/105,Liberty Mall,35
EQN 104/105,Memorial JK,5
EQN 104/105,Ministério da Cultura,1
EQN 104/105,Ministério da Defesa,1
EQN 104/105,Ministério do Planejamento,7
EQN 104/105,Ministério dos Transportes,2
EQN 104/105,PAT,39
EQN 104/105,Praça Buriti,1
EQN 104/105,Praça do Povo,2
EQN 104/105,Rodoviária,17
EQN 104/105,Rodoviária 2,35
EQN 104/105,Rodoviária 3,22
EQN 104/105,SAS,3
EQN 104/105,SQN 205,32
EQN 104/105,SQS 305,5
EQN 104/105,SRTVS,8
EQN 104/105,STF,6
EQN 104/105,Setor Hoteleiro Norte,3
EQN 104/105,Shopping Pátio Brasil,2
EQN 104/105,TSE,2
EQN 104/105,Torre de TV,5
EQN 104/105,W2/EQN305/306,32
EQN 408/409,102 Sul,3
EQN 408/409,Banco Central,4
EQN 408/409,Biblioteca Central,59
EQN 408/409,Brasil 21,9
EQN 408/409,Brasília Shopping,8
EQN 408/409,CLN 204,30
EQN 408/409,CLN 403,45
EQN 408/409,CLN 406,266
EQN 408/409,CNMP - Conselho Nacional do Ministério Público,4
EQN 408/409,Catedral Metropolitana,4
EQN 408/409,Centro Olímpico,100
EQN 408/409,Centro de Convenções,2
EQN 408/409,EQN 104/105,10
EQN 408/409,EQN 408/409,228
EQN 408/409,EQN 410/411,232
EQN 408/409,EQS 202 / 203,5
EQN 408/409,EQS 204/205,6
EQN 408/409,Galeria,4
EQN 408/409,ICC Sul,109
EQN 408/409,INMETRO,6
EQN 408/409,Instituto de Artes,378
EQN 408/409,Liberty Mall,12
EQN 408/409,Memorial JK,1
EQN 408/409,Ministério da Cultura,3
EQN 408/409,Ministério da Saude,6
EQN 408/409,Ministério do Planejamento,3
EQN 408/409,Ministério dos Transportes,1
EQN 408/409,PAT,161
EQN 408/409,Praça Buriti,1
EQN 408/409,Praça do Povo,1
EQN 408/409,Rodoviária,48
EQN 408/409,Rodoviária 2,5
EQN 408/409,Rodoviária 3,2
EQN 408/409,SAS,1
EQN 408/409,SQN 205,35
EQN 408/409,SQS 305,2
EQN 408/409,STF,2
EQN 408/409,Setor Hoteleiro Norte,4
EQN 408/409,Shopping Pátio Brasil,6
EQN 408/409,TSE,6
EQN 408/409,Torre de TV,4
EQN 408/409,W2/EQN305/306,17
EQN 410/411,102 Sul,1
EQN 410/411,Banco Central,8
EQN 410/411,Biblioteca Central,56
EQN 410/411,Brasil 21,4
EQN 410/411,Brasília Shopping,5
EQN 410/411,CLN 204,41
EQN 410/411,CLN 403,43
EQN 410/411,CLN 406,264
EQN 410/411,CNMP - Conselho Nacional do Ministério Público,2
EQN 410/411,Catedral Metropolitana,7
EQN 410/411,Centro Olímpico,48
EQN 410/411,Centro de Convenções,3
EQN 410/411,EQN 104/105,11
EQN 410/411,EQN 408/409,227
EQN 410/411,EQN 410/411,320
EQN 410/411,EQS 202 / 203,4
EQN 410/411,EQS 204/205,5
EQN 410/411,Galeria,8
EQN 410/411,ICC Sul,85
EQN 410/411,INMETRO,7
EQN 410/411,Instituto de Artes,275
EQN 410/411,Liberty Mall,11
EQN 410/411,Memorial JK,6
EQN 410/411,Ministério da Cultura,7
EQN 410/411,Ministério da Saude,14
EQN 410/411,Ministério do Planejamento,7
EQN 410/411,Ministério dos Transportes,8
EQN 410/411,PAT,120
EQN 410/411,Rodoviária,39
EQN 410/411,Rodoviária 2,12
EQN 410/411,Rodoviária 3,3
EQN 410/411,SAS,2
EQN 410/411,SQN 205,49
EQN 410/411,SQS 305,4
EQN 410/411,STF,11
EQN 410/411,Shopping Mall,2
EQN 410/411,Shopping Pátio Brasil,3
EQN 410/411,TSE,1
EQN 410/411,Torre de TV,8
EQN 410/411,W2/EQN305/306,11
EQS 104/304,102 Sul,55
EQS 104/304,Banco Central,12
EQS 104/304,Brasil 21,12
EQS 104/304,Brasília Shopping,3
EQS 104/304,CLN 204,2
EQS 104/304,CLN 406,2
EQS 104/304,CNMP - Conselho Nacional do Ministério Público,2
EQS 104/304,Catedral Metropolitana,4
EQS 104/304,Centro de Convenções,1
EQS 104/304,EQN 408/409,1
EQS 104/304,EQS 104/304,73
EQS 104/304,EQS 202 / 203,37
EQS 104/304,EQS 204/205,5
EQS 104/304,Galeria,20
EQS 104/304,ICC Sul,1
EQS 104/304,Instituto de Artes,2
EQS 104/304,Liberty Mall,1
EQS 104/304,Memorial JK,2
EQS 104/304,Ministério da Cultura,6
EQS 104/304,Ministério da Defesa,6
EQS 104/304,Ministério da Saude,10
EQS 104/304,Ministério do Planejamento,2
EQS 104/304,Ministério dos Transportes,7
EQS 104/304,PAT,3
EQS 104/304,Praça Buriti,5
EQS 104/304,Praça do Povo,7
EQS 104/304,Rodoviária,16
EQS 104/304,Rodoviária 2,10
EQS 104/304,Rodoviária 3,7
EQS 104/304,SAS,4
EQS 104/304,SQN 205,2
EQS 104/304,SQS 305,41
EQS 104/304,SRTVS,18
EQS 104/304,STF,2
EQS 104/304,Setor Hoteleiro Norte,5
EQS 104/304,Shopping Mall,19
EQS 104/304,Shopping Pátio Brasil,10
EQS 104/304,TSE,1
EQS 104/304,Torre de TV,2
EQS 104/304,W2/EQN305/306,2
EQS 202 / 203,102 Sul,11
EQS 202 / 203,Banco Central,31
EQS 202 / 203,Brasil 21,10
EQS 202 / 203,Brasília Shopping,3
EQS 202 / 203,CLN 204,2
EQS 202 / 203,CLN 403,5
EQS 202 / 203,CLN 406,6
EQS 202 / 203,CNMP - Conselho Nacional do Ministério Público,17
EQS 202 / 203,Catedral Metropolitana,8
EQS 202 / 203,Centro de Convenções,2
EQS 202 / 203,EQN 104/105,2
EQS 202 / 203,EQN 408/409,2
EQS 202 / 203,EQN 410/411,2
EQS 202 / 203,EQS 104/304,24
EQS 202 / 203,EQS 202 / 203,101
EQS 202 / 203,EQS 204/205,70
EQS 202 / 203,Galeria,6
EQS 202 / 203,ICC Sul,5
EQS 202 / 203,INMETRO,2
EQS 202 / 203,Instituto de Artes,10
EQS 202 / 203,Liberty Mall,14
EQS 202 / 203,Memorial JK,1
EQS 202 / 203,Ministério da Cultura,10
EQS 202 / 203,Ministério da Defesa,10
EQS 202 / 203,Ministério da Saude,5
EQS 202 / 203,Ministério do Planejamento,8
EQS 202 / 203,Ministério dos Transportes,2
EQS 202 / 203,PAT,1
EQS 202 / 203,Praça do Povo,3
EQS 202 / 203,Rodoviária,19
EQS 202 / 203,Rodoviária 2,35
EQS 202 / 203,Rodoviária 3,5
EQS 202 / 203,SAS,18
EQS 202 / 203,SQN 205,3
EQS 202 / 203,SQS 305,19
EQS 202 / 203,SRTVS,18
EQS 202 / 203,STF,4
EQS 202 / 203,Shopping Mall,20
EQS 202 / 203,Shopping Pátio Brasil,1
EQS 202 / 203,TSE,40
EQS 202 / 203,W2/EQN305/306,9
EQS 204/205,102 Sul,44
EQS 204/205,Banco Central,53
EQS 204/205,Brasil 21,11
EQS 204/205,Brasília Shopping,16
EQS 204/205,CLN 204,1
EQS 204/205,CLN 403,11
EQS 204/205,CLN 406,1
EQS 204/205,CNMP - Conselho Nacional do Ministério Público,2
EQS 204/205,Catedral Metropolitana,12
EQS 204/205,Centro de Convenções,1
EQS 204/205,Deck Sul,3
EQS 204/205,EQN 104/105,2
EQS 204/205,EQN 408/409,1
EQS 204/205,EQN 410/411,2
EQS 204/205,EQS 104/304,17
EQS 204/205,EQS 202 / 203,65
EQS 204/205,EQS 204/205,219
EQS 204/205,Galeria,3
EQS 204/205,ICC Sul,2
EQS 204/205,INMETRO,4
EQS 204/205,Instituto de Artes,4
EQS 204/205,Liberty Mall,21
EQS 204/205,Ministério da Cultura,10
EQS 204/205,Ministério da Defesa,11
EQS 204/205,Ministério da Saude,10
EQS 204/205,Ministério do Planejamento,1
EQS 204/205,Ministério dos Transportes,2
EQS 204/205,PAT,1
EQS 204/205,Praça do Povo,5
EQS 204/205,Rodoviária,19
EQS 204/205,Rodoviária 2,23
EQS 204/205,Rodoviária 3,3
EQS 204/205,SAS,44
EQS 204/205,SQN 205,6
EQS 204/205,SQS 305,27
EQS 204/205,SRTVS,8
EQS 204/205,STF,6
EQS 204/205,Setor Hoteleiro Norte,5
EQS 204/205,Shopping Mall,32
EQS 204/205,Shopping Pátio Brasil,8
EQS 204/205,TSE,7
EQS 204/205,Torre de TV,5
EQS 204/205,W2/EQN305/306,5
Galeria,102 Sul,35
Galeria,Banco Central,23
Galeria,Biblioteca Central,3
Galeria,Brasil 21,68
Galeria,Brasília Shopping,23
Galeria,CLN 204,3
Galeria,CLN 403,26
Galeria,CLN 406,2
Galeria,CNMP - Conselho Nacional do Ministério Público,25
Galeria,Catedral Metropolitana,3
Galeria,Centro Olímpico,3
Galeria,Centro de Convenções,13
Galeria,Deck Sul,5
Galeria,EQN 104/105,5
Galeria,EQN 408/409,7
Galeria,EQN 410/411,7
Galeria,EQS 104/304,48
Galeria,EQS 202 / 203,8
Galeria,EQS 204/205,38
Galeria,Galeria,76
Galeria,ICC Sul,4
Galeria,INMETRO,4
Galeria,Instituto de Artes,8
Galeria,Liberty Mall,27
Galeria,Memorial JK,11
Galeria,Ministério da Cultura,10
Galeria,Ministério da Defesa,28
Galeria,Ministério da Saude,4
Galeria,Ministério do Planejamento,16
Galeria,Ministério dos Transportes,10
Galeria,PAT,4
Galeria,Praça Buriti,2
Galeria,Praça do Povo,18
Galeria,Rodoviária,31
Galeria,Rodoviária 2,13
Galeria,Rodoviária 3,17
Galeria,SAS,8
Galeria,SQN 205,2
Galeria,SQS 305,21
Galeria,SRTVS,70
Galeria,STF,11
Galeria,Setor Hoteleiro Norte,4
Galeria,Shopping Mall,32
Galeria,Shopping Pátio Brasil,43
Galeria,TSE,16
Galeria,Torre de TV,7
Galeria,W2/EQN305/306,20
ICC Sul,102 Sul,1
ICC Sul,Banco Central,5
ICC Sul,Biblioteca Central,93
ICC Sul,Brasil 21,1
ICC Sul,Brasília Shopping,3
ICC Sul,CLN 204,52
ICC Sul,CLN 403,49
ICC Sul,CLN 406,114
ICC Sul,Catedral Metropolitana,34
ICC Sul,Centro Olímpico,640
ICC Sul,EQN 104/105,8
ICC Sul,EQN 408/409,104
ICC Sul,EQN 410/411,68
ICC Sul,EQS 104/304,1
ICC Sul,EQS 202 / 203,3
ICC Sul,EQS 204/205,11
ICC Sul,Galeria,2
ICC Sul,ICC Sul,169
ICC Sul,INMETRO,12
ICC Sul,Instituto de Artes,102
ICC Sul,Liberty Mall,1
ICC Sul,Memorial JK,1
ICC Sul,Ministério da Cultura,12
ICC Sul,Ministério da Defesa,1
ICC Sul,Ministério da Saude,6
ICC Sul,Ministério do Planejamento,2
ICC Sul,Ministério dos Transportes,2
ICC Sul,PAT,142
ICC Sul,Praça Buriti,2
ICC Sul,Praça do Povo,3
ICC Sul,Rodoviária,62
ICC Sul,Rodoviária 2,12
ICC Sul,Rodoviária 3,4
ICC Sul,SQN 205,36
ICC Sul,SQS 305,1
ICC Sul,STF,1
ICC Sul,Setor Hoteleiro Norte,1
ICC Sul,Shopping Pátio Brasil,3
ICC Sul,W2/EQN305/306,26
INMETRO,102 Sul,2
INMETRO,Banco Central,5
INMETRO,Biblioteca Central,10
INMETRO,Brasil 21,3
INMETRO,Brasília Shopping,17
INMETRO,CLN 204,43
INMETRO,CLN 403,11
INMETRO,CLN 406,26
INMETRO,CNMP - Conselho Nacional do Ministério Público,1
INMETRO,Centro Olímpico,10
INMETRO,Centro de Convenções,10
INMETRO,EQN 104/105,101
INMETRO,EQN 408/409,9
INMETRO,EQN 410/411,10
INMETRO,EQS 202 / 203,3
INMETRO,EQS 204/205,5
INMETRO,Galeria,5
INMETRO,ICC Sul,22
INMETRO,INMETRO,96
INMETRO,Instituto de Artes,38
INMETRO,Liberty Mall,37
INMETRO,Memorial JK,7
INMETRO,Ministério da Cultura,2
INMETRO,Ministério da Saude,11
INMETRO,Ministério do Planejamento,1
INMETRO,PAT,21
INMETRO,Praça Buriti,8
INMETRO,Praça do Povo,1
INMETRO,Rodoviária,27
INMETRO,Rodoviária 2,6
INMETRO,Rodoviária 3,18
INMETRO,SAS,2
INMETRO,SQN 205,14
INMETRO,SQS 305,8
INMETRO,SRTVS,2
INMETRO,Setor Hoteleiro Norte,1
INMETRO,Shopping Pátio Brasil,6
INMETRO,Torre de TV,5
INMETRO,W2/EQN305/306,31
Instituto de Artes,102 Sul,3
Instituto de Artes,Biblioteca Central,121
Instituto de Artes,Brasil 21,2
Instituto de Artes,Brasília Shopping,5
Instituto de Artes,CLN 204,48
Instituto de Artes,CLN 403,51
Instituto de Artes,CLN 406,277
Instituto de Artes,Catedral Metropolitana,1
Instituto de Artes,Centro Olímpico,623
Instituto de Artes,Centro de Convenções,5
Instituto de Artes,EQN 104/105,25
Instituto de Artes,EQN 408/409,369
Instituto de Artes,EQN 410/411,276
Instituto de Artes,EQS 104/304,3
Instituto de Artes,EQS 202 / 203,5
Instituto de Artes,EQS 204/205,3
Instituto de Artes,Galeria,5
Instituto de Artes,ICC Sul,144
Instituto de Artes,INMETRO,10
Instituto de Artes,Instituto de Artes,163
Instituto de Artes,Liberty Mall,10
Instituto de Artes,Memorial JK,2
Instituto de Artes,Ministério da Cultura,1
Instituto de Artes,Ministério da Defesa,1
Instituto de Artes,Ministério da Saude,5
Instituto de Artes,Ministério do Planejamento,8
Instituto de Artes,Ministério dos Transportes,1
Instituto de Artes,PAT,187
Instituto de Artes,Praça Buriti,2
Instituto de Artes,Praça do Povo,4
Instituto de Artes,Rodoviária,90
Instituto de Artes,Rodoviária 2,10
Instituto de Artes,Rodoviária 3,11
Instituto de Artes,SAS,4
Instituto de Artes,SQN 205,82
Instituto de Artes,SQS 305,3
Instituto de Artes,SRTVS,4
Instituto de Artes,STF,1
Instituto de Artes,Setor Hoteleiro Norte,1
Instituto de Artes,Shopping Pátio Brasil,1
Instituto de Artes,Torre de TV,2
Instituto de Artes,W2/EQN305/306,43
Liberty Mall,102 Sul,4
Liberty Mall,Banco Central,13
Liberty Mall,Biblioteca Central,2
Liberty Mall,Brasil 21,8
Liberty Mall,Brasília Shopping,32
Liberty Mall,CLN 204,21
Liberty Mall,CLN 403,7
Liberty Mall,CLN 406,7
Liberty Mall,CNMP - Conselho Nacional do Ministério Público,2
Liberty Mall,Catedral Metropolitana,8
Liberty Mall,Centro de Convenções,2
Liberty Mall,EQN 104/105,37
Liberty Mall,EQN 408/409,7
Liberty Mall,EQN 410/411,13
Liberty Mall,EQS 104/304,3
Liberty Mall,EQS 202 / 203,6
Liberty Mall,EQS 204/205,17
Liberty Mall,Galeria,23
Liberty Mall,ICC Sul,8
Liberty Mall,INMETRO,24
Liberty Mall,Instituto de Artes,23
Liberty Mall,Liberty Mall,26
Liberty Mall,Ministério da Cultura,8
Liberty Mall,Ministério da Defesa,1
Liberty Mall,Ministério da Saude,17
Liberty Mall,Ministério do Planejamento,2
Liberty Mall,Ministério dos Transportes,1
Liberty Mall,PAT,8
Liberty Mall,Praça Buriti,21
Liberty Mall,Praça do Povo,4
Liberty Mall,Rodoviária,16
Liberty Mall,Rodoviária 2,9
Liberty Mall,Rodoviária 3,11
Liberty Mall,SAS,2
Liberty Mall,SQN 205,8
Liberty Mall,SQS 305,10
Liberty Mall,SRTVS,6
Liberty Mall,STF,5
Liberty Mall,Setor Hoteleiro Norte,3
Liberty Mall,Shopping Mall,7
Liberty Mall,Shopping Pátio Brasil,7
Liberty Mall,TSE,1
Liberty Mall,W2/EQN305/306,56
Memorial JK,102 Sul,7
Memorial JK,Banco Central,7
Memorial JK,Biblioteca Central,1
Memorial JK,Brasil 21,34
Memorial JK,Brasília Shopping,31
Memorial JK,CLN 204,6
Memorial JK,CLN 403,3
Memorial JK,CLN 406,4
Memorial JK,Catedral Metropolitana,7
Memorial JK,Centro Olímpico,1
Memorial JK,Centro de Convenções,24
Memorial JK,EQN 104/105,2
Memorial JK,EQN 408/409,4
Memorial JK,EQN 410/411,13
Memorial JK,EQS 104/304,3
Memorial JK,EQS 202 / 203,1
Memorial JK,EQS 204/205,1
Memorial JK,Galeria,15
Memorial JK,ICC Sul,2
Memorial JK,INMETRO,7
Memorial JK,Instituto de Artes,8
Memorial JK,Liberty Mall,5
Memorial JK,Memorial JK,125
Memorial JK,Ministério da Cultura,16
Memorial JK,Ministério da Saude,4
Memorial JK,Ministério do Planejamento,3
Memorial JK,Ministério dos Transportes,10
Memorial JK,Praça Buriti,28
Memorial JK,Praça do Povo,12
Memorial JK,Rodoviária,35
Memorial JK,Rodoviária 2,54
Memorial JK,Rodoviária 3,133
Memorial JK,SAS,7
Memorial JK,SQN 205,24
Memorial JK,SQS 305,7
Memorial JK,SRTVS,6
Memorial JK,STF,13
Memorial JK,Setor Hoteleiro Norte,31
Memorial JK,Shopping Mall,7
Memorial JK,Shopping Pátio Brasil,29
Memorial JK,Torre de TV,33
Memorial JK,W2/EQN305/306,23
Ministério da Cultura,102 Sul,5
Ministério da Cultura,Banco Central,3
Ministério da Cultura,Brasil 21,5
Ministério da Cultura,Brasília Shopping,5
Ministério da Cultura,CLN 204,2
Ministério da Cultura,CLN 403,15
Ministério da Cultura,CLN 406,2
Ministério da Cultura,CNMP - Conselho Nacional do Ministério Público,14
Ministério da Cultura,Catedral Metropolitana,32
Ministério da Cultura,Centro Olímpico,1
Ministério da Cultura,EQN 104/105,2
Ministério da Cultura,EQN 408/409,11
Ministério da Cultura,EQN 410/411,4
Ministério da Cultura,EQS 104/304,8
Ministério da Cultura,EQS 202 / 203,14
Ministério da Cultura,EQS 204/205,2
Ministério da Cultura,Galeria,8
Ministério da Cultura,ICC Sul,7
Ministério da Cultura,INMETRO,3
Ministério da Cultura,Instituto de Artes,4
Ministério da Cultura,Liberty Mall,1
Ministério da Cultura,Memorial JK,2
Ministério da Cultura,Ministério da Cultura,94
Ministério da Cultura,Ministério da Defesa,2
Ministério da Cultura,Ministério da Saude,19
Ministério da Cultura,Ministério do Planejamento,27
Ministério da Cultura,Ministério dos Transportes,21
Ministério da Cultura,PAT,2
Ministério da Cultura,Praça Buriti,2
Ministério da Cultura,Praça do Povo,1
Ministério da Cultura,Rodoviária,183
Ministério da Cultura,Rodoviária 2,232
Ministério da Cultura,Rodoviária 3,65
Ministério da Cultura,SAS,11
Ministério da Cultura,SQN 205,5
Ministério da Cultura,SQS 305,3
Ministério da Cultura,SRTVS,1
Ministério da Cultura,STF,40
Ministério da Cultura,Setor Hoteleiro Norte,2
Ministério da Cultura,Shopping Mall,2
Ministério da Cultura,Shopping Pátio Brasil,4
Ministério da Cultura,TSE,6
Ministério da Cultura,W2/EQN305/306,4
Ministério da Defesa,102 Sul,2
Ministério da Defesa,Banco Central,5
Ministério da Defesa,Biblioteca Central,2
Ministério da Defesa,Brasil 21,1
Ministério da Defesa,CLN 204,16
Ministério da Defesa,CLN 403,13
Ministério da Defesa,CLN 406,13
Ministério da Defesa,CNMP - Conselho Nacional do Ministério Público,2
Ministério da Defesa,Catedral Metropolitana,10
Ministério da Defesa,EQN 104/105,4
Ministério da Defesa,EQN 408/409,2
Ministério da Defesa,EQN 410/411,3
Ministério da Defesa,EQS 104/304,3
Ministério da Defesa,EQS 202 / 203,12
Ministério da Defesa,EQS 204/205,1
Ministério da Defesa,Galeria,4
Ministério da Defesa,ICC Sul,3
Ministério da Defesa,INMETRO,9
Ministério da Defesa,Instituto de Artes,9
Ministério da Defesa,Liberty Mall,3
Ministério da Defesa,Memorial JK,1
Ministério da Defesa,Ministério da Cultura,5
Ministério da Defesa,Ministério da Defesa,41
Ministério da Defesa,Ministério da Saude,1
Ministério da Defesa,Ministério do Planejamento,12
Ministério da Defesa,Ministério dos Transportes,8
Ministério da Defesa,PAT,1
Ministério da Defesa,Praça Buriti,3
Ministério da Defesa,Praça do Povo,2
Ministério da Defesa,Rodoviária,230
Ministério da Defesa,Rodoviária 2,41
Ministério da Defesa,Rodoviária 3,16
Ministério da Defesa,SAS,2
Ministério da Defesa,SQN 205,2
Ministério da Defesa,SQS 305,6
Ministério da Defesa,SRTVS,3
Ministério da Defesa,STF,3
Ministério da Defesa,Shopping Mall,1
Ministério da Defesa,Shopping Pátio Brasil,2
Ministério da Defesa,TSE,2
Ministério da Defesa,W2/EQN305/306,3
Ministério da Saude,102 Sul,7
Ministério da Saude,Banco Central,2
Ministério da Saude,Biblioteca Central,3
Ministério da Saude,Brasília Shopping,13
Ministério da Saude,CLN 204,7
Ministério da Saude,CLN 403,21
Ministério da Saude,CLN 406,2
Ministério da Saude,CNMP - Conselho Nacional do Ministério Público,27
Ministério da Saude,Catedral Metropolitana,54
Ministério da Saude,Centro Olímpico,1
Ministério da Saude,Centro de Convenções,1
Ministério da Saude,EQN 104/105,1
Ministério da Saude,EQN 408/409,6
Ministério da Saude,EQN 410/411,21
Ministério da Saude,EQS 104/304,12
Ministério da Saude,EQS 202 / 203,18
Ministério da Saude,EQS 204/205,10
Ministério da Saude,Galeria,9
Ministério da Saude,ICC Sul,4
Ministério da Saude,INMETRO,5
Ministério da Saude,Instituto de Artes,12
Ministério da Saude,Liberty Mall,4
Ministério da Saude,Memorial JK,6
Ministério da Saude,Ministério da Cultura,25
Ministério da Saude,Ministério da Defesa,6
Ministério da Saude,Ministério da Saude,65
Ministério da Saude,Ministério do Planejamento,13
Ministério da Saude,Ministério dos Transportes,6
Ministério da Saude,PAT,12
Ministério da Saude,Praça Buriti,3
Ministério da Saude,Praça do Povo,3
Ministério da Saude,Rodoviária,187
Ministério da Saude,Rodoviária 2,387
Ministério da Saude,Rodoviária 3,82
Ministério da Saude,SAS,12
Ministério da Saude,SQN 205,7
Ministério da Saude,SQS 305,7
Ministério da Saude,SRTVS,2
Ministério da Saude,STF,18
Ministério da Saude,Setor Hoteleiro Norte,12
Ministério da Saude,Shopping Mall,19
Ministério da Saude,Shopping Pátio Brasil,9
Ministério da Saude,TSE,33
Ministério da Saude,Torre de TV,1
Ministério da Saude,W2/EQN305/306,3
Ministério do Planejamento,102 Sul,3
Ministério do Planejamento,Banco Central,25
Ministério do Planejamento,Biblioteca Central,1
Ministério do Planejamento,Brasília Shopping,2
Ministério do Planejamento,CLN 204,16
Ministério do Planejamento,CLN 403,26
Ministério do Planejamento,CLN 406,19
Ministério do Planejamento,CNMP - Conselho Nacional do Ministério Público,3
Ministério do Planejamento,Catedral Metropolitana,5
Ministério do Planejamento,Centro Olímpico,3
Ministério do Planejamento,Centro de Convenções,8
Ministério do Planejamento,EQN 104/105,3
Ministério do Planejamento,EQN 408/409,13
Ministério do Planejamento,EQN 410/411,14
Ministério do Planejamento,EQS 104/304,1
Ministério do Planejamento,EQS 202 / 203,3
Ministério do Planejamento,EQS 204/205,6
Ministério do Planejamento,Galeria,11
Ministério do Planejamento,ICC Sul,10
Ministério do Planejamento,INMETRO,4
Ministério do Planejamento,Instituto de Artes,19
Ministério do Planejamento,Liberty Mall,2
Ministério do Planejamento,Memorial JK,2
Ministério do Planejamento,Ministério da Cultura,36
Ministério do Planejamento,Ministério da Defesa,11
Ministério do Planejamento,Ministério da Saude,24
Ministério do Planejamento,Ministério do Planejamento,53
Ministério do Planejamento,Ministério dos Transportes,49
Ministério do Planejamento,PAT,7
Ministério do Planejamento,Praça Buriti,1
Ministério do Planejamento,Praça do Povo,1
Ministério do Planejamento,Rodoviária,198
Ministério do Planejamento,Rodoviária 2,58
Ministério do Planejamento,Rodoviária 3,41
Ministério do Planejamento,SAS,22
Ministério do Planejamento,SQN 205,6
Ministério do Planejamento,SQS 305,4
Ministério do Planejamento,STF,10
Ministério do Planejamento,Setor Hoteleiro Norte,8
Ministério do Planejamento,Shopping Mall,1
Ministério do Planejamento,Shopping Pátio Brasil,6
Ministério do Planejamento,TSE,4
Ministério do Planejamento,W2/EQN305/306,3
Ministério dos Transportes,102 Sul,5
Ministério dos Transportes,Banco Central,7
Ministério dos Transportes,Biblioteca Central,1
Ministério dos Transportes,Brasília Shopping,6
Ministério dos Transportes,CLN 204,7
Ministério dos Transportes,CLN 403,25
Ministério dos Transportes,CLN 406,22
Ministério dos Transportes,CNMP - Conselho Nacional do Ministério Público,2
Ministério dos Transportes,Catedral Metropolitana,31
Ministério dos Transportes,Centro Olímpico,1
Ministério dos Transportes,EQN 104/105,2
Ministério dos Transportes,EQN 408/409,2
Ministério dos Transportes,EQN 410/411,4
Ministério dos Transportes,EQS 104/304,4
Ministério dos Transportes,EQS 202 / 203,10
Ministério dos Transportes,EQS 204/205,3
Ministério dos Transportes,Galeria,6
Ministério dos Transportes,ICC Sul,6
Ministério dos Transportes,INMETRO,3
Ministério dos Transportes,Instituto de Artes,7
Ministério dos Transportes,Liberty Mall,3
Ministério dos Transportes,Memorial JK,2
Ministério dos Transportes,Ministério da Cultura,8
Ministério dos Transportes,Ministério da Defesa,11
Ministério dos Transportes,Ministério da Saude,5
Ministério dos Transportes,Ministério do Planejamento,29
Ministério dos Transportes,Ministério dos Transportes,75
Ministério dos Transportes,PAT,1
Ministério dos Transportes,Praça Buriti,1
Ministério dos Transportes,Praça do Povo,9
Ministério dos Transportes,Rodoviária,215
Ministério dos Transportes,Rodoviária 2,33
Ministério dos Transportes,Rodoviária 3,13
Ministério dos Transportes,SAS,4
Ministério dos Transportes,SQN 205,2
Ministério dos Transportes,SQS 305,7
Ministério dos Transportes,SRTVS,1
Ministério dos Transportes,STF,5
Ministério dos Transportes,Setor Hoteleiro Norte,14
Ministério dos Transportes,Shopping Mall,4
Ministério dos Transportes,Shopping Pátio Brasil,12
Ministério dos Transportes,TSE,7
Ministério dos Transportes,Torre de TV,1
Ministério dos Transportes,W2/EQN305/306,4
PAT,102 Sul,3
PAT,Biblioteca Central,68
PAT,Brasília Shopping,5
PAT,CLN 204,19
PAT,CLN 403,11
PAT,CLN 406,172
PAT,CNMP - Conselho Nacional do Ministério Público,2
PAT,Catedral Metropolitana,4
PAT,Centro Olímpico,118
PAT,Centro de Convenções,2
PAT,EQN 104/105,5
PAT,EQN 408/409,121
PAT,EQN 410/411,87
PAT,EQS 204/205,2
PAT,Galeria,4
PAT,ICC Sul,170
PAT,INMETRO,10
PAT,Instituto de Artes,172
PAT,Liberty Mall,10
PAT,Memorial JK,1
PAT,Ministério da Cultura,1
PAT,Ministério da Saude,6
PAT,Ministério do Planejamento,5
PAT,Ministério dos Transportes,1
PAT,PAT,98
PAT,Rodoviária,45
PAT,Rodoviária 2,4
PAT,Rodoviária 3,2
PAT,SQN 205,30
PAT,SQS 305,8
PAT,STF,1
PAT,Shopping Mall,1
PAT,Shopping Pátio Brasil,1
PAT,TSE,1
PAT,W2/EQN305/306,18
Praça Buriti,102 Sul,4
Praça Buriti,Banco Central,28
Praça Buriti,Biblioteca Central,1
Praça Buriti,Brasil 21,29
Praça Buriti,Brasília Shopping,19
Praça Buriti,CLN 403,1
Praça Buriti,CLN 406,3
Praça Buriti,CNMP - Conselho Nacional do Ministério Público,3
Praça Buriti,Catedral Metropolitana,7
Praça Buriti,Centro de Convenções,22
Praça Buriti,EQN 104/105,2
Praça Buriti,EQN 408/409,6
Praça Buriti,EQN 410/411,4
Praça Buriti,EQS 104/304,3
Praça Buriti,EQS 202 / 203,2
Praça Buriti,EQS 204/205,2
Praça Buriti,Galeria,15
Praça Buriti,ICC Sul,5
Praça Buriti,INMETRO,8
Praça Buriti,Instituto de Artes,8
Praça Buriti,Liberty Mall,4
Praça Buriti,Memorial JK,16
Praça Buriti,Ministério da Cultura,5
Praça Buriti,Ministério da Defesa,1
Praça Buriti,Ministério da Saude,3
Praça Buriti,Ministério do Planejamento,2
Praça Buriti,Ministério dos Transportes,1
Praça Buriti,PAT,5
Praça Buriti,Praça Buriti,43
Praça Buriti,Praça do Povo,4
Praça Buriti,Rodoviária,23
Praça Buriti,Rodoviária 2,80
Praça Buriti,Rodoviária 3,154
Praça Buriti,SAS,7
Praça Buriti,SQN 205,2
Praça Buriti,SQS 305,5
Praça Buriti,SRTVS,17
Praça Buriti,STF,7
Praça Buriti,Setor Hoteleiro Norte,11
Praça Buriti,Shopping Mall,1
Praça Buriti,Shopping Pátio Brasil,36
Praça Buriti,TSE,1
Praça Buriti,Torre de TV,19
Praça Buriti,W2/EQN305/306,11
Praça do Povo,102 Sul,10
Praça do Povo,Banco Central,17
Praça do Povo,Biblioteca Central,1
Praça do Povo,Brasil 21,37
Praça do Povo,Brasília Shopping,10
Praça do Povo,CLN 204,1
Praça do Povo,CLN 403,2
Praça do Povo,CLN 406,6
Praça do Povo,CNMP - Conselho Nacional do Ministério Público,7
Praça do Povo,Catedral Metropolitana,6
Praça do Povo,Centro Olímpico,1
Praça do Povo,EQN 104/105,1
Praça do Povo,EQN 408/409,1
Praça do Povo,EQN 410/411,7
Praça do Povo,EQS 104/304,13
Praça do Povo,EQS 202 / 203,9
Praça do Povo,EQS 204/205,9
Praça do Povo,Galeria,37
Praça do Povo,ICC Sul,3
Praça do Povo,INMETRO,1
Praça do Povo,Instituto de Artes,10
Praça do Povo,Liberty Mall,11
Praça do Povo,Memorial JK,6
Praça do Povo,Ministério da Cultura,9
Praça do Povo,Ministério da Saude,6
Praça do Povo,Ministério do Planejamento,3
Praça do Povo,Ministério dos Transportes,2
Praça do Povo,PAT,1
Praça do Povo,Praça do Povo,28
Praça do Povo,Rodoviária,17
Praça do Povo,Rodoviária 2,14
Praça do Povo,Rodoviária 3,14
Praça do Povo,SAS,6
Praça do Povo,SQN 205,5
Praça do Povo,SQS 305,24
Praça do Povo,SRTVS,28
Praça do Povo,STF,11
Praça do Povo,Setor Hoteleiro Norte,25
Praça do Povo,Shopping Mall,17
Praça do Povo,Shopping Pátio Brasil,5
Praça do Povo,TSE,5
Praça do Povo,Torre de TV,7
Praça do Povo,W2/EQN305/306,3
Rodoviária,102 Sul,16
Rodoviária,Banco Central,25
Rodoviária,Biblioteca Central,28
Rodoviária,Brasil 21,24
Rodoviária,Brasília Shopping,12
Rodoviária,CLN 204,35
Rodoviária,CLN 403,88
Rodoviária,CLN 406,46
Rodoviária,CNMP - Conselho Nacional do Ministério Público,41
Rodoviária,Catedral Metropolitana,82
Rodoviária,Centro Olímpico,22
Rodoviária,Centro de Convenções,15
Rodoviária,Deck Sul,2
Rodoviária,EQN 104/105,32
Rodoviária,EQN 408/409,48
Rodoviária,EQN 410/411,32
Rodoviária,EQS 104/304,3
Rodoviária,EQS 202 / 203,26
Rodoviária,EQS 204/205,17
Rodoviária,Galeria,5
Rodoviária,ICC Sul,82
Rodoviária,INMETRO,21
Rodoviária,Instituto de Artes,91
Rodoviária,Liberty Mall,6
Rodoviária,Memorial JK,9
Rodoviária,Ministério da Cultura,160
Rodoviária,Ministério da Defesa,144
Rodoviária,Ministério da Saude,236
Rodoviária,Ministério do Planejamento,175
Rodoviária,Ministério dos Transportes,215
Rodoviária,PAT,38
Rodoviária,Praça Buriti,5
Rodoviária,Praça do Povo,6
Rodoviária,Rodoviária,93
Rodoviária,Rodoviária 2,41
Rodoviária,Rodoviária 3,11
Rodoviária,SAS,32
Rodoviária,SQN 205,15
Rodoviária,SQS 305,7
Rodoviária,SRTVS,6
Rodoviária,STF,91
Rodoviária,Setor Hoteleiro Norte,12
Rodoviária,Shopping Mall,19
Rodoviária,Shopping Pátio Brasil,22
Rodoviária,TSE,45
Rodoviária,Torre de TV,7
Rodoviária,W2/EQN305/306,19
Rodoviária 2,102 Sul,6
Rodoviária 2,Banco Central,17
Rodoviária 2,Biblioteca Central,19
Rodoviária 2,Brasil 21,18
Rodoviária 2,Brasília Shopping,23
Rodoviária 2,CLN 204,34
Rodoviária 2,CLN 403,49
Rodoviária 2,CLN 406,59
Rodoviária 2,CNMP - Conselho Nacional do Ministério Público,70
Rodoviária 2,Catedral Metropolitana,81
Rodoviária 2,Centro Olímpico,16
Rodoviária 2,Centro de Convenções,25
Rodoviária 2,Deck Sul,3
Rodoviária 2,EQN 104/105,21
Rodoviária 2,EQN 408/409,49
Rodoviária 2,EQN 410/411,20
Rodoviária 2,EQS 104/304,2
Rodoviária 2,EQS 202 / 203,34
Rodoviária 2,EQS 204/205,20
Rodoviária 2,Galeria,9
Rodoviária 2,ICC Sul,66
Rodoviária 2,INMETRO,21
Rodoviária 2,Instituto de Artes,75
Rodoviária 2,Liberty Mall,7
Rodoviária 2,Memorial JK,21
Rodoviária 2,Ministério da Cultura,148
Rodoviária 2,Ministério da Defesa,97
Rodoviária 2,Ministério da Saude,270
Rodoviária 2,Ministério do Planejamento,104
Rodoviária 2,Ministério dos Transportes,114
Rodoviária 2,PAT,31
Rodoviária 2,Praça Buriti,7
Rodoviária 2,Praça do Povo,2
Rodoviária 2,Rodoviária,57
Rodoviária 2,Rodoviária 2,60
Rodoviária 2,Rodoviária 3,11
Rodoviária 2,SAS,19
Rodoviária 2,SQN 205,13
Rodoviária 2,SQS 305,13
Rodoviária 2,SRTVS,16
Rodoviária 2,STF,141
Rodoviária 2,Setor Hoteleiro Norte,15
Rodoviária 2,Shopping Mall,7
Rodoviária 2,Shopping Pátio Brasil,25
Rodoviária 2,TSE,79
Rodoviária 2,Torre de TV,9
Rodoviária 2,W2/EQN305/306,32
Rodoviária 3,102 Sul,22
Rodoviária 3,Banco Central,18
Rodoviária 3,Biblioteca Central,8
Rodoviária 3,Brasil 21,50
Rodoviária 3,Brasília Shopping,34
Rodoviária 3,CLN 204,15
Rodoviária 3,CLN 403,22
Rodoviária 3,CLN 406,16
Rodoviária 3,CNMP - Conselho Nacional do Ministério Público,36
Rodoviária 3,Catedral Metropolitana,58
Rodoviária 3,Centro Olímpico,3
Rodoviária 3,Centro de Convenções,68
Rodoviária 3,Deck Sul,3
Rodoviária 3,EQN 104/105,36
Rodoviária 3,EQN 408/409,10
Rodoviária 3,EQN 410/411,17
Rodoviária 3,EQS 104/304,6
Rodoviária 3,EQS 202 / 203,18
Rodoviária 3,EQS 204/205,4
Rodoviária 3,Galeria,22
Rodoviária 3,ICC Sul,16
Rodoviária 3,INMETRO,11
Rodoviária 3,Instituto de Artes,20
Rodoviária 3,Liberty Mall,21
Rodoviária 3,Memorial JK,33
Rodoviária 3,Ministério da Cultura,123
Rodoviária 3,Ministério da Defesa,73
Rodoviária 3,Ministério da Saude,185
Rodoviária 3,Ministério do Planejamento,109
Rodoviária 3,Ministério dos Transportes,58
Rodoviária 3,PAT,10
Rodoviária 3,Praça Buriti,37
Rodoviária 3,Praça do Povo,4
Rodoviária 3,Rodoviária,41
Rodoviária 3,Rodoviária 2,36
Rodoviária 3,Rodoviária 3,71
Rodoviária 3,SAS,24
Rodoviária 3,SQN 205,1
Rodoviária 3,SQS 305,7
Rodoviária 3,SRTVS,22
Rodoviária 3,STF,64
Rodoviária 3,Setor Hoteleiro Norte,43
Rodoviária 3,Shopping Mall,16
Rodoviária 3,Shopping Pátio Brasil,79
Rodoviária 3,TSE,30
Rodoviária 3,Torre de TV,38
Rodoviária 3,W2/EQN305/306,39
SAS,102 Sul,6
SAS,Banco Central,4
SAS,Biblioteca Central,1
SAS,Brasil 21,2
SAS,Brasília Shopping,1
SAS,CLN 204,3
SAS,CLN 403,1
SAS,CLN 406,6
SAS,CNMP - Conselho Nacional do Ministério Público,1
SAS,Catedral Metropolitana,24
SAS,Centro de Convenções,2
SAS,EQN 104/105,2
SAS,EQN 408/409,4
SAS,EQN 410/411,7
SAS,EQS 104/304,3
SAS,EQS 202 / 203,27
SAS,EQS 204/205,26
SAS,Galeria,2
SAS,ICC Sul,9
SAS,Instituto de Artes,2
SAS,Liberty Mall,2
SAS,Memorial JK,1
SAS,Ministério da Cultura,7
SAS,Ministério da Defesa,2
SAS,Ministério da Saude,7
SAS,Ministério do Planejamento,23
SAS,Ministério dos Transportes,2
SAS,PAT,4
SAS,Praça Buriti,9
SAS,Rodoviária,53
SAS,Rodoviária 2,67
SAS,Rodoviária 3,15
SAS,SAS,8
SAS,SQN 205,2
SAS,SQS 305,2
SAS,SRTVS,3
SAS,STF,14
SAS,Setor Hoteleiro Norte,5
SAS,Shopping Mall,11
SAS,Shopping Pátio Brasil,8
SAS,TSE,3
SAS,Torre de TV,1
SAS,W2/EQN305/306,18
SQN 205,102 Sul,2
SQN 205,Banco Central,3
SQN 205,Biblioteca Central,27
SQN 205,Brasil 21,3
SQN 205,Brasília Shopping,11
SQN 205,CLN 204,64
SQN 205,CLN 403,24
SQN 205,CLN 406,56
SQN 205,Catedral Metropolitana,3
SQN 205,Centro Olímpico,32
SQN 205,Centro de Convenções,2
SQN 205,EQN 104/105,36
SQN 205,EQN 408/409,37
SQN 205,EQN 410/411,59
SQN 205,EQS 204/205,4
SQN 205,Galeria,2
SQN 205,ICC Sul,108
SQN 205,INMETRO,16
SQN 205,Instituto de Artes,110
SQN 205,Liberty Mall,3
SQN 205,Memorial JK,9
SQN 205,Ministério da Cultura,8
SQN 205,Ministério da Defesa,2
SQN 205,Ministério da Saude,2
SQN 205,Ministério dos Transportes,1
SQN 205,PAT,71
SQN 205,Praça do Povo,2
SQN 205,Rodoviária,21
SQN 205,Rodoviária 2,16
SQN 205,Rodoviária 3,2
SQN 205,SAS,3
SQN 205,SQN 205,97
SQN 205,SQS 305,4
SQN 205,STF,4
SQN 205,Setor Hoteleiro Norte,1
SQN 205,Shopping Mall,1
SQN 205,Shopping Pátio Brasil,1
SQN 205,Torre de TV,1
SQN 205,W2/EQN305/306,28
SQS 305,102 Sul,55
SQS 305,Banco Central,11
SQS 305,Brasil 21,25
SQS 305,Brasília Shopping,15
SQS 305,CLN 204,1
SQS 305,CLN 406,5
SQS 305,CNMP - Conselho Nacional do Ministério Público,9
SQS 305,Catedral Metropolitana,3
SQS 305,Centro de Convenções,3
SQS 305,EQN 408/409,4
SQS 305,EQN 410/411,6
SQS 305,EQS 104/304,31
SQS 305,EQS 202 / 203,21
SQS 305,EQS 204/205,39
SQS 305,Galeria,41
SQS 305,ICC Sul,7
SQS 305,Instituto de Artes,5
SQS 305,Liberty Mall,3
SQS 305,Memorial JK,1
SQS 305,Ministério da Saude,5
SQS 305,Ministério dos Transportes,9
SQS 305,PAT,1
SQS 305,Praça Buriti,1
SQS 305,Praça do Povo,17
SQS 305,Rodoviária,17
SQS 305,Rodoviária 2,13
SQS 305,Rodoviária 3,13
SQS 305,SAS,12
SQS 305,SQN 205,5
SQS 305,SQS 305,119
SQS 305,SRTVS,13
SQS 305,STF,2
SQS 305,Setor Hoteleiro Norte,2
SQS 305,Shopping Mall,12
SQS 305,Shopping Pátio Brasil,19
SQS 305,TSE,2
SQS 305,Torre de TV,9
SQS 305,W2/EQN305/306,11
SRTVS,102 Sul,28
SRTVS,Banco Central,46
SRTVS,Brasil 21,151
SRTVS,Brasília Shopping,10
SRTVS,CLN 204,2
SRTVS,CLN 403,7
SRTVS,CLN 406,4
SRTVS,CNMP - Conselho Nacional do Ministério Público,1
SRTVS,Catedral Metropolitana,10
SRTVS,Centro Olímpico,1
SRTVS,Centro de Convenções,14
SRTVS,EQN 104/105,7
SRTVS,EQN 408/409,5
SRTVS,EQN 410/411,8
SRTVS,EQS 104/304,15
SRTVS,EQS 202 / 203,9
SRTVS,EQS 204/205,10
SRTVS,Galeria,133
SRTVS,INMETRO,2
SRTVS,Instituto de Artes,8
SRTVS,Liberty Mall,7
SRTVS,Memorial JK,8
SRTVS,Ministério da Cultura,5
SRTVS,Ministério da Saude,5
SRTVS,Ministério do Planejamento,3
SRTVS,PAT,4
SRTVS,Praça Buriti,14
SRTVS,Praça do Povo,26
SRTVS,Rodoviária,28
SRTVS,Rodoviária 2,44
SRTVS,Rodoviária 3,62
SRTVS,SAS,8
SRTVS,SQN 205,4
SRTVS,SQS 305,18
SRTVS,SRTVS,86
SRTVS,STF,7
SRTVS,Setor Hoteleiro Norte,7
SRTVS,Shopping Mall,15
SRTVS,Shopping Pátio Brasil,24
SRTVS,TSE,4
SRTVS,Torre de TV,14
SRTVS,W2/EQN305/306,10
STF,Banco Central,13
STF,Biblioteca Central,3
STF,Brasil 21,4
STF,Brasília Shopping,3
STF,CLN 204,4
STF,CLN 403,9
STF,CLN 406,2
STF,CNMP - Conselho Nacional do Ministério Público,7
STF,Catedral Metropolitana,77
STF,Centro Olímpico,4
STF,Centro de Convenções,3
STF,EQN 104/105,3
STF,EQN 408/409,1
STF,EQN 410/411,2
STF,EQS 104/304,4
STF,EQS 202 / 203,2
STF,EQS 204/205,6
STF,Galeria,4
STF,ICC Sul,7
STF,Instituto de Artes,7
STF,Ministério da Cultura,8
STF,Ministério da Defesa,2
STF,Ministério da Saude,22
STF,Ministério do Planejamento,5
STF,Ministério dos Transportes,7
STF,PAT,9
STF,Praça Buriti,1
STF,Praça do Povo,3
STF,Rodoviária,108
STF,Rodoviária 2,180
STF,Rodoviária 3,26
STF,SAS,1
STF,SQN 205,2
STF,SQS 305,1
STF,STF,53
STF,Setor Hoteleiro Norte,11
STF,Shopping Mall,4
STF,Shopping Pátio Brasil,7
STF,TSE,45
STF,Torre de TV,4
STF,W2/EQN305/306,1
Setor Hoteleiro Norte,102 Sul,3
Setor Hoteleiro Norte,Banco Central,18
Setor Hoteleiro Norte,Brasil 21,19
Setor Hoteleiro Norte,Brasília Shopping,16
Setor Hoteleiro Norte,CLN 204,3
Setor Hoteleiro Norte,CLN 403,4
Setor Hoteleiro Norte,CLN 406,5
Setor Hoteleiro Norte,CNMP - Conselho Nacional do Ministério Público,1
Setor Hoteleiro Norte,Catedral Metropolitana,7
Setor Hoteleiro Norte,Centro de Convenções,37
Setor Hoteleiro Norte,EQN 104/105,10
Setor Hoteleiro Norte,EQN 408/409,7
Setor Hoteleiro Norte,EQN 410/411,3
Setor Hoteleiro Norte,EQS 104/304,6
Setor Hoteleiro Norte,EQS 202 / 203,3
Setor Hoteleiro Norte,EQS 204/205,14
Setor Hoteleiro Norte,Galeria,21
Setor Hoteleiro Norte,INMETRO,3
Setor Hoteleiro Norte,Instituto de Artes,2
Setor Hoteleiro Norte,Liberty Mall,4
Setor Hoteleiro Norte,Memorial JK,13
Setor Hoteleiro Norte,Ministério da Cultura,3
Setor Hoteleiro Norte,Ministério da Defesa,1
Setor Hoteleiro Norte,Ministério da Saude,6
Setor Hoteleiro Norte,Ministério do Planejamento,4
Setor Hoteleiro Norte,Ministério dos Transportes,8
Setor Hoteleiro Norte,Praça Buriti,13
Setor Hoteleiro Norte,Praça do Povo,18
Setor Hoteleiro Norte,Rodoviária,55
Setor Hoteleiro Norte,Rodoviária 2,73
Setor Hoteleiro Norte,Rodoviária 3,118
Setor Hoteleiro Norte,SAS,13
Setor Hoteleiro Norte,SQN 205,4
Setor Hoteleiro Norte,SQS 305,4
Setor Hoteleiro Norte,SRTVS,16
Setor Hoteleiro Norte,STF,12
Setor Hoteleiro Norte,Setor Hoteleiro Norte,77
Setor Hoteleiro Norte,Shopping Mall,9
Setor Hoteleiro Norte,Shopping Pátio Brasil,29
Setor Hoteleiro Norte,TSE,1
Setor Hoteleiro Norte,Torre de TV,22
Setor Hoteleiro Norte,W2/EQN305/306,22
Shopping Mall,102 Sul,97
Shopping Mall,Banco Central,13
Shopping Mall,Brasil 21,28
Shopping Mall,Brasília Shopping,13
Shopping Mall,CLN 204,1
Shopping Mall,CLN 403,7
Shopping Mall,CNMP - Conselho Nacional do Ministério Público,5
Shopping Mall,Catedral Metropolitana,2
Shopping Mall,Centro de Convenções,4
Shopping Mall,EQN 104/105,2
Shopping Mall,EQN 410/411,2
Shopping Mall,EQS 104/304,17
Shopping Mall,EQS 202 / 203,39
Shopping Mall,EQS 204/205,44
Shopping Mall,Galeria,30
Shopping Mall,ICC Sul,1
Shopping Mall,INMETRO,5
Shopping Mall,Instituto de Artes,2
Shopping Mall,Liberty Mall,5
Shopping Mall,Ministério da Cultura,5
Shopping Mall,Ministério da Defesa,3
Shopping Mall,Ministério da Saude,12
Shopping Mall,Ministério do Planejamento,2
Shopping Mall,Ministério dos Transportes,10
Shopping Mall,Praça do Povo,10
Shopping Mall,Rodoviária,7
Shopping Mall,Rodoviária 2,14
Shopping Mall,Rodoviária 3,26
Shopping Mall,SAS,12
Shopping Mall,SQN 205,1
Shopping Mall,SQS 305,14
Shopping Mall,SRTVS,16
Shopping Mall,STF,6
Shopping Mall,Setor Hoteleiro Norte,7
Shopping Mall,Shopping Mall,50
Shopping Mall,Shopping Pátio Brasil,15
Shopping Mall,TSE,9
Shopping Mall,Torre de TV,4
Shopping Mall,W2/EQN305/306,6
Shopping Pátio Brasil,102 Sul,19
Shopping Pátio Brasil,Banco Central,20
Shopping Pátio Brasil,Brasil 21,67
Shopping Pátio Brasil,Brasília Shopping,36
Shopping Pátio Brasil,CLN 204,5
Shopping Pátio Brasil,CLN 403,14
Shopping Pátio Brasil,CLN 406,5
Shopping Pátio Brasil,CNMP - Conselho Nacional do Ministério Público,6
Shopping Pátio Brasil,Catedral Metropolitana,24
Shopping Pátio Brasil,Centro Olímpico,2
Shopping Pátio Brasil,Centro de Convenções,7
Shopping Pátio Brasil,EQN 104/105,11
Shopping Pátio Brasil,EQN 408/409,4
Shopping Pátio Brasil,EQN 410/411,5
Shopping Pátio Brasil,EQS 104/304,9
Shopping Pátio Brasil,EQS 202 / 203,8
Shopping Pátio Brasil,EQS 204/205,14
Shopping Pátio Brasil,Galeria,98
Shopping Pátio Brasil,ICC Sul,4
Shopping Pátio Brasil,INMETRO,7
Shopping Pátio Brasil,Instituto de Artes,8
Shopping Pátio Brasil,Liberty Mall,16
Shopping Pátio Brasil,Memorial JK,13
Shopping Pátio Brasil,Ministério da Cultura,10
Shopping Pátio Brasil,Ministério da Defesa,2
Shopping Pátio Brasil,Ministério da Saude,11
Shopping Pátio Brasil,Ministério do Planejamento,8
Shopping Pátio Brasil,Ministério dos Transportes,3
Shopping Pátio Brasil,PAT,2
Shopping Pátio Brasil,Praça Buriti,12
Shopping Pátio Brasil,Praça do Povo,24
Shopping Pátio Brasil,Rodoviária,59
Shopping Pátio Brasil,Rodoviária 2,65
Shopping Pátio Brasil,Rodoviária 3,110
Shopping Pátio Brasil,SAS,11
Shopping Pátio Brasil,SQN 205,3
Shopping Pátio Brasil,SQS 305,16
Shopping Pátio Brasil,SRTVS,19
Shopping Pátio Brasil,STF,30
Shopping Pátio Brasil,Setor Hoteleiro Norte,22
Shopping Pátio Brasil,Shopping Mall,6
Shopping Pátio Brasil,Shopping Pátio Brasil,83
Shopping Pátio Brasil,TSE,2
Shopping Pátio Brasil,Torre de TV,3
Shopping Pátio Brasil,W2/EQN305/306,22
TSE,102 Sul,8
TSE,Banco Central,22
TSE,CLN 204,1
TSE,CLN 403,7
TSE,CLN 406,1
TSE,CNMP - Conselho Nacional do Ministério Público,1
TSE,Catedral Metropolitana,3
TSE,EQN 104/105,2
TSE,EQN 408/409,4
TSE,EQN 410/411,1
TSE,EQS 202 / 203,35
TSE,EQS 204/205,1
TSE,Galeria,10
TSE,ICC Sul,1
TSE,Instituto de Artes,4
TSE,Ministério da Cultura,11
TSE,Ministério da Defesa,2
TSE,Ministério da Saude,9
TSE,Ministério do Planejamento,14
TSE,Ministério dos Transportes,2
TSE,PAT,1
TSE,Praça do Povo,1
TSE,Rodoviária,37
TSE,Rodoviária 2,128
TSE,Rodoviária 3,6
TSE,SAS,7
TSE,STF,20
TSE,Setor Hoteleiro Norte,3
TSE,Shopping Mall,2
TSE,Shopping Pátio Brasil,1
TSE,TSE,7
Torre de TV,Banco Central,5
Torre de TV,Brasil 21,98
Torre de TV,Brasília Shopping,13
Torre de TV,CLN 204,3
Torre de TV,CLN 403,1
Torre de TV,CLN 406,5
Torre de TV,CNMP - Conselho Nacional do Ministério Público,4
Torre de TV,Catedral Metropolitana,5
Torre de TV,Centro de Convenções,23
Torre de TV,Deck Sul,1
Torre de TV,EQN 104/105,2
Torre de TV,EQN 408/409,1
Torre de TV,EQN 410/411,3
Torre de TV,EQS 204/205,6
Torre de TV,Galeria,6
Torre de TV,INMETRO,6
Torre de TV,Instituto de Artes,2
Torre de TV,Liberty Mall,2
Torre de TV,Memorial JK,33
Torre de TV,Ministério da Cultura,7
Torre de TV,Ministério da Saude,1
Torre de TV,Ministério do Planejamento,5
Torre de TV,Ministério dos Transportes,1
Torre de TV,PAT,2
Torre de TV,Praça Buriti,17
Torre de TV,Praça do Povo,8
Torre de TV,Rodoviária,17
Torre de TV,Rodoviária 2,62
Torre de TV,Rodoviária 3,89
Torre de TV,SAS,1
Torre de TV,SQN 205,5
Torre de TV,SQS 305,1
Torre de TV,SRTVS,22
Torre de TV,STF,5
Torre de TV,Setor Hoteleiro Norte,36
Torre de TV,Shopping Mall,1
Torre de TV,Shopping Pátio Brasil,6
Torre de TV,Torre de TV,169
Torre de TV,W2/EQN305/306,15
W2/EQN305/306,102 Sul,8
W2/EQN305/306,Banco Central,5
W2/EQN305/306,Biblioteca Central,8
W2/EQN305/306,Brasil 21,14
W2/EQN305/306,Brasília Shopping,33
W2/EQN305/306,CLN 204,52
W2/EQN305/306,CLN 403,16
W2/EQN305/306,CLN 406,82
W2/EQN305/306,Catedral Metropolitana,3
W2/EQN305/306,Centro Olímpico,11
W2/EQN305/306,Centro de Convenções,6
W2/EQN305/306,Deck Sul,1
W2/EQN305/306,EQN 104/105,15
W2/EQN305/306,EQN 408/409,17
W2/EQN305/306,EQN 410/411,27
W2/EQN305/306,EQS 104/304,2
W2/EQN305/306,EQS 202 / 203,4
W2/EQN305/306,EQS 204/205,4
W2/EQN305/306,Galeria,9
W2/EQN305/306,ICC Sul,51
W2/EQN305/306,INMETRO,35
W2/EQN305/306,Instituto de Artes,154
W2/EQN305/306,Liberty Mall,49
W2/EQN305/306,Memorial JK,13
W2/EQN305/306,Ministério da Cultura,12
W2/EQN305/306,Ministério da Defesa,4
W2/EQN305/306,Ministério da Saude,4
W2/EQN305/306,Ministério do Planejamento,1
W2/EQN305/306,PAT,46
W2/EQN305/306,Praça Buriti,2
W2/EQN305/306,Praça do Povo,2
W2/EQN305/306,Rodoviária,32
W2/EQN305/306,Rodoviária 2,31
W2/EQN305/306,Rodoviária 3,15
W2/EQN305/306,SAS,11
W2/EQN305/306,SQN 205,123
W2/EQN305/306,SQS 305,10
W2/EQN305/306,SRTVS,8
W2/EQN305/306,STF,5
W2/EQN305/306,Setor Hoteleiro Norte,10
W2/EQN305/306,Shopping Pátio Brasil,5
W2/EQN305/306,Torre de TV,5
W2/EQN305/306,W2/EQN305/306,90
